{"paths": {"admin/js/vendor/select2/i18n/af.js": "admin/js/vendor/select2/i18n/af.4f6fcd73488c.js", "admin/js/vendor/select2/i18n/ar.js": "admin/js/vendor/select2/i18n/ar.65aa8e36bf5d.js", "admin/js/vendor/select2/i18n/az.js": "admin/js/vendor/select2/i18n/az.270c257daf81.js", "admin/js/vendor/select2/i18n/bg.js": "admin/js/vendor/select2/i18n/bg.39b8be30d4f0.js", "admin/js/vendor/select2/i18n/bn.js": "admin/js/vendor/select2/i18n/bn.6d42b4dd5665.js", "admin/js/vendor/select2/i18n/bs.js": "admin/js/vendor/select2/i18n/bs.91624382358e.js", "admin/js/vendor/select2/i18n/ca.js": "admin/js/vendor/select2/i18n/ca.a166b745933a.js", "admin/js/vendor/select2/i18n/cs.js": "admin/js/vendor/select2/i18n/cs.4f43e8e7d33a.js", "admin/js/vendor/select2/i18n/da.js": "admin/js/vendor/select2/i18n/da.766346afe4dd.js", "admin/js/vendor/select2/i18n/de.js": "admin/js/vendor/select2/i18n/de.8a1c222b0204.js", "admin/js/vendor/select2/i18n/dsb.js": "admin/js/vendor/select2/i18n/dsb.56372c92d2f1.js", "admin/js/vendor/select2/i18n/el.js": "admin/js/vendor/select2/i18n/el.27097f071856.js", "admin/js/vendor/select2/i18n/en.js": "admin/js/vendor/select2/i18n/en.cf932ba09a98.js", "admin/js/vendor/select2/i18n/es.js": "admin/js/vendor/select2/i18n/es.66dbc2652fb1.js", "admin/js/vendor/select2/i18n/et.js": "admin/js/vendor/select2/i18n/et.2b96fd98289d.js", "admin/js/vendor/select2/i18n/eu.js": "admin/js/vendor/select2/i18n/eu.adfe5c97b72c.js", "admin/js/vendor/select2/i18n/fa.js": "admin/js/vendor/select2/i18n/fa.3b5bd1961cfd.js", "admin/js/vendor/select2/i18n/fi.js": "admin/js/vendor/select2/i18n/fi.614ec42aa9ba.js", "admin/js/vendor/select2/i18n/fr.js": "admin/js/vendor/select2/i18n/fr.05e0542fcfe6.js", "admin/js/vendor/select2/i18n/gl.js": "admin/js/vendor/select2/i18n/gl.d99b1fedaa86.js", "admin/js/vendor/select2/i18n/he.js": "admin/js/vendor/select2/i18n/he.e420ff6cd3ed.js", "admin/js/vendor/select2/i18n/hi.js": "admin/js/vendor/select2/i18n/hi.70640d41628f.js", "admin/js/vendor/select2/i18n/hr.js": "admin/js/vendor/select2/i18n/hr.a2b092cc1147.js", "admin/js/vendor/select2/i18n/hsb.js": "admin/js/vendor/select2/i18n/hsb.fa3b55265efe.js", "admin/js/vendor/select2/i18n/hu.js": "admin/js/vendor/select2/i18n/hu.6ec6039cb8a3.js", "admin/js/vendor/select2/i18n/hy.js": "admin/js/vendor/select2/i18n/hy.c7babaeef5a6.js", "admin/js/vendor/select2/i18n/id.js": "admin/js/vendor/select2/i18n/id.04debded514d.js", "admin/js/vendor/select2/i18n/is.js": "admin/js/vendor/select2/i18n/is.3ddd9a6a97e9.js", "admin/js/vendor/select2/i18n/it.js": "admin/js/vendor/select2/i18n/it.be4fe8d365b5.js", "admin/js/vendor/select2/i18n/ja.js": "admin/js/vendor/select2/i18n/ja.170ae885d74f.js", "admin/js/vendor/select2/i18n/ka.js": "admin/js/vendor/select2/i18n/ka.2083264a54f0.js", "admin/js/vendor/select2/i18n/km.js": "admin/js/vendor/select2/i18n/km.c23089cb06ca.js", "admin/js/vendor/select2/i18n/ko.js": "admin/js/vendor/select2/i18n/ko.e7be6c20e673.js", "admin/js/vendor/select2/i18n/lt.js": "admin/js/vendor/select2/i18n/lt.23c7ce903300.js", "admin/js/vendor/select2/i18n/lv.js": "admin/js/vendor/select2/i18n/lv.08e62128eac1.js", "admin/js/vendor/select2/i18n/mk.js": "admin/js/vendor/select2/i18n/mk.dabbb9087130.js", "admin/js/vendor/select2/i18n/ms.js": "admin/js/vendor/select2/i18n/ms.4ba82c9a51ce.js", "admin/js/vendor/select2/i18n/nb.js": "admin/js/vendor/select2/i18n/nb.da2fce143f27.js", "admin/js/vendor/select2/i18n/ne.js": "admin/js/vendor/select2/i18n/ne.3d79fd3f08db.js", "admin/js/vendor/select2/i18n/nl.js": "admin/js/vendor/select2/i18n/nl.997868a37ed8.js", "admin/js/vendor/select2/i18n/pl.js": "admin/js/vendor/select2/i18n/pl.6031b4f16452.js", "admin/js/vendor/select2/i18n/ps.js": "admin/js/vendor/select2/i18n/ps.38dfa47af9e0.js", "admin/js/vendor/select2/i18n/pt-BR.js": "admin/js/vendor/select2/i18n/pt-BR.e1b294433e7f.js", "admin/js/vendor/select2/i18n/pt.js": "admin/js/vendor/select2/i18n/pt.33b4a3b44d43.js", "admin/js/vendor/select2/i18n/ro.js": "admin/js/vendor/select2/i18n/ro.f75cb460ec3b.js", "admin/js/vendor/select2/i18n/ru.js": "admin/js/vendor/select2/i18n/ru.934aa95f5b5f.js", "admin/js/vendor/select2/i18n/sk.js": "admin/js/vendor/select2/i18n/sk.33d02cef8d11.js", "admin/js/vendor/select2/i18n/sl.js": "admin/js/vendor/select2/i18n/sl.131a78bc0752.js", "admin/js/vendor/select2/i18n/sq.js": "admin/js/vendor/select2/i18n/sq.5636b60d29c9.js", "admin/js/vendor/select2/i18n/sr-Cyrl.js": "admin/js/vendor/select2/i18n/sr-Cyrl.f254bb8c4c7c.js", "admin/js/vendor/select2/i18n/sr.js": "admin/js/vendor/select2/i18n/sr.5ed85a48f483.js", "admin/js/vendor/select2/i18n/sv.js": "admin/js/vendor/select2/i18n/sv.7a9c2f71e777.js", "admin/js/vendor/select2/i18n/th.js": "admin/js/vendor/select2/i18n/th.f38c20b0221b.js", "admin/js/vendor/select2/i18n/tk.js": "admin/js/vendor/select2/i18n/tk.7c572a68c78f.js", "admin/js/vendor/select2/i18n/tr.js": "admin/js/vendor/select2/i18n/tr.b5a0643d1545.js", "admin/js/vendor/select2/i18n/uk.js": "admin/js/vendor/select2/i18n/uk.8cede7f4803c.js", "admin/js/vendor/select2/i18n/vi.js": "admin/js/vendor/select2/i18n/vi.097a5b75b3e1.js", "admin/js/vendor/select2/i18n/zh-CN.js": "admin/js/vendor/select2/i18n/zh-CN.2cff662ec5f9.js", "admin/js/vendor/select2/i18n/zh-TW.js": "admin/js/vendor/select2/i18n/zh-TW.04554a227c2b.js", "admin/css/vendor/select2/LICENSE-SELECT2.md": "admin\\css\\vendor\\select2\\LICENSE-SELECT2.f94142512c91.md", "admin/css/vendor/select2/select2.css": "admin/css/vendor/select2/select2.a2194c262648.css", "admin/css/vendor/select2/select2.min.css": "admin/css/vendor/select2/select2.min.9f54e6414f87.css", "admin/js/vendor/jquery/jquery.js": "admin/js/vendor/jquery/jquery.2849239b95f5.js", "admin/js/vendor/jquery/jquery.min.js": "admin/js/vendor/jquery/jquery.min.8fb8fee4fcc3.js", "admin/js/vendor/jquery/LICENSE.txt": "admin\\js\\vendor\\jquery\\LICENSE.de877aa6d744.txt", "admin/js/vendor/select2/LICENSE.md": "admin\\js\\vendor\\select2\\LICENSE.f94142512c91.md", "admin/js/vendor/select2/select2.full.js": "admin/js/vendor/select2/select2.full.c2afdeda3058.js", "admin/js/vendor/select2/select2.full.min.js": "admin/js/vendor/select2/select2.full.min.fcd7500d8e13.js", "admin/js/vendor/xregexp/LICENSE.txt": "admin\\js\\vendor\\xregexp\\LICENSE.bf79e414957a.txt", "admin/js/vendor/xregexp/xregexp.js": "admin/js/vendor/xregexp/xregexp.efda034b9537.js", "admin/js/vendor/xregexp/xregexp.min.js": "admin/js/vendor/xregexp/xregexp.min.b0439563a5d3.js", "admin/img/gis/move_vertex_off.svg": "admin\\img\\gis\\move_vertex_off.7a23bf31ef8a.svg", "admin/img/gis/move_vertex_on.svg": "admin\\img\\gis\\move_vertex_on.0047eba25b67.svg", "admin/js/admin/DateTimeShortcuts.js": "admin/js/admin/DateTimeShortcuts.5548f99471bf.js", "admin/js/admin/RelatedObjectLookups.js": "admin/js/admin/RelatedObjectLookups.b4d76b6aaf0b.js", "img/parceiros-logo/anjo-tintas.png": "img\\parceiros-logo\\anjo-tintas.509074719c08.png", "img/parceiros-logo/atlas.png": "img\\parceiros-logo\\atlas.91cb01e14298.png", "img/parceiros-logo/base images - Atalho.lnk": "img\\parceiros-logo\\base images - Atalho.6b71d2bf5ef8.lnk", "img/parceiros-logo/colorgin.png": "img\\parceiros-logo\\colorgin.3c46f5bec71d.png", "img/parceiros-logo/colorgin2.png": "img\\parceiros-logo\\colorgin2.088936853881.png", "img/parceiros-logo/dacar.png": "img\\parceiros-logo\\dacar.ad34c484a744.png", "img/parceiros-logo/montana.png": "img\\parceiros-logo\\montana.5f14801dfc44.png", "img/parceiros-logo/sayerlack.png": "img\\parceiros-logo\\sayerlack.6f377df244e3.png", "img/parceiros-logo/sherwin-williams.png": "img\\parceiros-logo\\sherwin-williams.dfda9241c2e9.png", "img/parceiros-logo/suvinil.png": "img\\parceiros-logo\\suvinil.73dd8ab16da6.png", "img/parceiros-logo/tintas-construir.PNG": "img\\parceiros-logo\\tintas-construir.936871f5677a.PNG", "img/parceiros-logo/vedacit.png": "img\\parceiros-logo\\vedacit.1ea031166ee7.png", "admin/css/autocomplete.css": "admin/css/autocomplete.4a81fc4242d0.css", "admin/css/base.css": "admin/css/base.1f418065fc2c.css", "admin/css/changelists.css": "admin/css/changelists.cd4dd90ae1a1.css", "admin/css/dashboard.css": "admin/css/dashboard.be83f13e4369.css", "admin/css/fonts.css": "admin/css/fonts.168bab448fee.css", "admin/css/forms.css": "admin/css/forms.332ab41432e2.css", "admin/css/login.css": "admin/css/login.8b76a9f7cbf6.css", "admin/css/nav_sidebar.css": "admin/css/nav_sidebar.e32d345464bd.css", "admin/css/responsive.css": "admin/css/responsive.b9e1565b3609.css", "admin/css/responsive_rtl.css": "admin/css/responsive_rtl.e13ae754cceb.css", "admin/css/rtl.css": "admin/css/rtl.4bc23eb90919.css", "admin/css/widgets.css": "admin/css/widgets.694d845b2cb1.css", "admin/fonts/LICENSE.txt": "admin\\fonts\\LICENSE.d273d63619c9.txt", "admin/fonts/README.txt": "admin\\fonts\\README.ab99e6b541ea.txt", "admin/fonts/Roboto-Bold-webfont.woff": "admin\\fonts\\Roboto-Bold-webfont.50d75e48e0a3.woff", "admin/fonts/Roboto-Light-webfont.woff": "admin\\fonts\\Roboto-Light-webfont.c73eb1ceba33.woff", "admin/fonts/Roboto-Regular-webfont.woff": "admin\\fonts\\Roboto-Regular-webfont.35b07eb2f871.woff", "admin/img/calendar-icons.svg": "admin\\img\\calendar-icons.39b290681a8b.svg", "admin/img/icon-addlink.svg": "admin\\img\\icon-addlink.d519b3bab011.svg", "admin/img/icon-alert.svg": "admin\\img\\icon-alert.034cc7d8a67f.svg", "admin/img/icon-calendar.svg": "admin\\img\\icon-calendar.ac7aea671bea.svg", "admin/img/icon-changelink.svg": "admin\\img\\icon-changelink.18d2fd706348.svg", "admin/img/icon-clock.svg": "admin\\img\\icon-clock.e1d4dfac3f2b.svg", "admin/img/icon-deletelink.svg": "admin\\img\\icon-deletelink.564ef9dc3854.svg", "admin/img/icon-no.svg": "admin\\img\\icon-no.439e821418cd.svg", "admin/img/icon-unknown-alt.svg": "admin\\img\\icon-unknown-alt.81536e128bb6.svg", "admin/img/icon-unknown.svg": "admin\\img\\icon-unknown.a18cb4398978.svg", "admin/img/icon-viewlink.svg": "admin\\img\\icon-viewlink.41eb31f7826e.svg", "admin/img/icon-yes.svg": "admin\\img\\icon-yes.d2f9f035226a.svg", "admin/img/inline-delete.svg": "admin\\img\\inline-delete.fec1b761f254.svg", "admin/img/LICENSE": "admin\\img\\LICENSE.2c54f4e1ca1c", "admin/img/README.txt": "admin\\img\\README.a70711a38d87.txt", "admin/img/search.svg": "admin\\img\\search.7cf54ff789c6.svg", "admin/img/selector-icons.svg": "admin\\img\\selector-icons.b4555096cea2.svg", "admin/img/sorting-icons.svg": "admin\\img\\sorting-icons.3a097b59f104.svg", "admin/img/tooltag-add.svg": "admin\\img\\tooltag-add.e59d620a9742.svg", "admin/img/tooltag-arrowright.svg": "admin\\img\\tooltag-arrowright.bbfb788a849e.svg", "admin/js/actions.js": "admin/js/actions.eac7e3441574.js", "admin/js/autocomplete.js": "admin/js/autocomplete.c508b167ab61.js", "admin/js/calendar.js": "admin/js/calendar.f8a5d055eb33.js", "admin/js/cancel.js": "admin/js/cancel.ecc4c5ca7b32.js", "admin/js/change_form.js": "admin/js/change_form.9d8ca4f96b75.js", "admin/js/collapse.js": "admin/js/collapse.f84e7410290f.js", "admin/js/core.js": "admin/js/core.5d6b384a08b5.js", "admin/js/inlines.js": "admin/js/inlines.fb1617228dbe.js", "admin/js/jquery.init.js": "admin/js/jquery.init.b7781a0897fc.js", "admin/js/nav_sidebar.js": "admin/js/nav_sidebar.3535caba9444.js", "admin/js/popup_response.js": "admin/js/popup_response.c6cc78ea5551.js", "admin/js/prepopulate.js": "admin/js/prepopulate.bd2361dfd64d.js", "admin/js/prepopulate_init.js": "admin/js/prepopulate_init.e056047b7a7e.js", "admin/js/SelectBox.js": "admin/js/SelectBox.8161741c7647.js", "admin/js/SelectFilter2.js": "admin/js/SelectFilter2.d250dcb52a9a.js", "admin/js/urlify.js": "admin/js/urlify.25cc3eac8123.js", "css/base.css": "css/base.514e1eb7adeb.css", "css/bootstrap-grid.css": "css/bootstrap-grid.a62459a7eb63.css", "css/bootstrap-grid.css.map": "css\\bootstrap-grid.css.517a6cbbc165.map", "css/bootstrap-grid.min.css": "css/bootstrap-grid.min.a92ffe0efac4.css", "css/bootstrap-grid.min.css.map": "css\\bootstrap-grid.min.css.86055553743f.map", "css/bootstrap-grid.rtl.css": "css/bootstrap-grid.rtl.20f75e24001c.css", "css/bootstrap-grid.rtl.css.map": "css\\bootstrap-grid.rtl.css.af51a86b45f8.map", "css/bootstrap-grid.rtl.min.css": "css/bootstrap-grid.rtl.min.e2fc2c59953c.css", "css/bootstrap-grid.rtl.min.css.map": "css\\bootstrap-grid.rtl.min.css.a0902a33fd8f.map", "css/bootstrap-reboot.css": "css/bootstrap-reboot.8fff8325874c.css", "css/bootstrap-reboot.css.map": "css\\bootstrap-reboot.css.94ea03549b8e.map", "css/bootstrap-reboot.min.css": "css/bootstrap-reboot.min.185ea8d03d4c.css", "css/bootstrap-reboot.min.css.map": "css\\bootstrap-reboot.min.css.289cf9324327.map", "css/bootstrap-reboot.rtl.css": "css/bootstrap-reboot.rtl.986ce35c2b55.css", "css/bootstrap-reboot.rtl.css.map": "css\\bootstrap-reboot.rtl.css.87b4fd900ec0.map", "css/bootstrap-reboot.rtl.min.css": "css/bootstrap-reboot.rtl.min.93530896b671.css", "css/bootstrap-reboot.rtl.min.css.map": "css\\bootstrap-reboot.rtl.min.css.94bfc830d50f.map", "css/bootstrap-utilities.css": "css/bootstrap-utilities.dad106626326.css", "css/bootstrap-utilities.css.map": "css\\bootstrap-utilities.css.0e6379de3b9e.map", "css/bootstrap-utilities.min.css": "css/bootstrap-utilities.min.e26b2acc296d.css", "css/bootstrap-utilities.min.css.map": "css\\bootstrap-utilities.min.css.5e0f617bbae5.map", "css/bootstrap-utilities.rtl.css": "css/bootstrap-utilities.rtl.1d8910ba7322.css", "css/bootstrap-utilities.rtl.css.map": "css\\bootstrap-utilities.rtl.css.179a46c78606.map", "css/bootstrap-utilities.rtl.min.css": "css/bootstrap-utilities.rtl.min.87671032915d.css", "css/bootstrap-utilities.rtl.min.css.map": "css\\bootstrap-utilities.rtl.min.css.6195fe9c4c03.map", "css/bootstrap.css": "css/bootstrap.346152dfe092.css", "css/bootstrap.css.map": "css\\bootstrap.css.e47eba3f3249.map", "css/bootstrap.min.css": "css/bootstrap.min.94994c66fec8.css", "css/bootstrap.min.css.map": "css\\bootstrap.min.css.95fca4cc7b7d.map", "css/bootstrap.rtl.css": "css/bootstrap.rtl.c89fe4420c13.css", "css/bootstrap.rtl.css.map": "css\\bootstrap.rtl.css.e8b284d536f5.map", "css/bootstrap.rtl.min.css": "css/bootstrap.rtl.min.665c3cacfdb3.css", "css/bootstrap.rtl.min.css.map": "css\\bootstrap.rtl.min.css.98801710b7ac.map", "fonts/AvenirLTProLight.otf": "fonts\\AvenirLTProLight.20789885c842.otf", "icons/email.png": "icons\\email.ea6b76704a17.png", "icons/face.png": "icons\\face.4c1c0e52496a.png", "icons/insta.png": "icons\\insta.77314a934158.png", "icons/linkedin.png": "icons\\linkedin.ffee793685dc.png", "icons/minus.svg": "icons\\minus.9a114abe2aff.svg", "icons/open-iconic-master.zip": "icons\\open-iconic-master.8ed20c6482ec.zip", "icons/return.png": "icons\\return.1ac1b00ec7c0.png", "icons/telefone.png": "icons\\telefone.3b499c31fa5e.png", "icons/zap.png": "icons\\zap.9f829e7de812.png", "img/banner-1.png": "img\\banner-1.1a3bfc7a59b6.png", "img/banner-2.png": "img\\banner-2.342303f0c3a5.png", "img/banner-3.png": "img\\banner-3.87262bd9dad6.png", "img/can.png": "img\\can.51201c4562bc.png", "img/footer-logo.png": "img\\footer-logo.875f9058b2a3.png", "img/frete-icon.png": "img\\frete-icon.f477e3865f9d.png", "img/home.png": "img\\home.d3ffb8b9e238.png", "img/house-icon.png": "img\\house-icon.939c3f20a005.png", "img/industry.png": "img\\industry.e39fe588054d.png", "img/lindacor-icon.png": "img\\lindacor-icon.aefc30c6c457.png", "img/lindacor-logo-1.png": "img\\lindacor-logo-1.330879177dcf.png", "img/lindacor-logo-2.png": "img/lindacor-logo-2.d1d178e85014.png", "img/lindacor-logo-2.svg": "img\\lindacor-logo-2.55df549ee758.svg", "img/lindacor-logo-3.png": "img\\lindacor-logo-3.6a680c388864.png", "img/lindacor-logo.png": "img\\lindacor-logo.ee76b2a270dd.png", "img/money-icon.png": "img\\money-icon.94a2e9a84476.png", "img/nav-logo.png": "img\\nav-logo.0fd130e16601.png", "img/paint-rollers.png": "img\\paint-rollers.178e0a40b0b9.png", "img/quality-icon.png": "img\\quality-icon.3451673b5700.png", "img/seguro-icon.png": "img\\seguro-icon.51e75f8df2ec.png", "img/tinta-2c.png": "img\\tinta-2c.bb4d77d1a68f.png", "img/waterproof.png": "img\\waterproof.edd2f854af0e.png", "js/bootstrap-online.js": "js/bootstrap-online.8bec620f9552.js", "js/bootstrap.bundle.js": "js/bootstrap.bundle.641208e15a53.js", "js/bootstrap.bundle.js.map": "js\\bootstrap.bundle.js.a44c4996b7a8.map", "js/bootstrap.bundle.min.js": "js/bootstrap.bundle.min.272e300c3b84.js", "js/bootstrap.bundle.min.js.map": "js\\bootstrap.bundle.min.js.fd5e8b7e914a.map", "js/bootstrap.esm.js": "js/bootstrap.esm.8ac9b91c73f7.js", "js/bootstrap.esm.js.map": "js\\bootstrap.esm.js.8f84b39352a3.map", "js/bootstrap.esm.min.js": "js/bootstrap.esm.min.80ad18792a85.js", "js/bootstrap.esm.min.js.map": "js\\bootstrap.esm.min.js.bb34cf006a8a.map", "js/bootstrap.js": "js/bootstrap.165c1007511b.js", "js/bootstrap.js.map": "js\\bootstrap.js.3fcfbb1adc12.map", "js/bootstrap.min.js": "js/bootstrap.min.68a96bbb5731.js", "js/bootstrap.min.js.map": "js\\bootstrap.min.js.b3ee031bc305.map", "js/jquery.min.js": "js/jquery.min.d7a8202ab8c3.js", "99225-box-rotating.json": "99225-box-rotating.aaad6b184035.json", "asgi.py": "asgi.76f366682f72.py", "gif.gif": "gif.27000e3e3384.gif", "pintor-anime.json": "pintor-anime.d1bc5b079dd4.json", "settings.py": "settings.4ac1a46fcf42.py", "urls.py": "urls.152a2b7aff01.py", "wsgi.py": "wsgi.74d0ddd4a77f.py", "__init__.py": "__init__.d41d8cd98f00.py"}, "version": "1.0"}